threshold,FAR,FRR
0.2,0.0015,0.032640949554896145
0.225,0.00045,0.032640949554896145
0.25,0.0001,0.03286920794339192
0.275,5e-05,0.03286920794339192
0.3,0.0,0.0330974663318877
0.325,0.0,0.03401049988587081
0.35,0.0,0.03492353343985392
0.375,0.0,0.03674960054782013
0.4,0.0,0.04017347637525679
0.425,0.0,0.04177128509472723
0.45,0.0,0.045651677699155443
0.475,0.0,0.05364072129650765
0.5,0.0,0.06528189910979229
0.525,0.0,0.08491212052042912
0.55,0.0,0.1123031271399224
0.575,0.0,0.15567222095412006
0.6,0.0,0.21091075097009815
0.625,0.0,0.2825838849577722
0.65,0.0,0.37388724035608306
0.675,0.0,0.47637525679068704
0.7,0.0,0.593243551700525
0.725,0.0,0.7046336452864643
0.75,0.0,0.8064368865555809
0.775,0.0,0.8815338963706916
0.8,0.0,0.9390550102716275
